locality,type,population,district
Вокнаволок,деревня,427,Костомукшский городской округ
Заречный,посёлок,127,Костомукшский городской округ
Костомукша,город,29778,Костомукшский городской округ
Ладвозеро,деревня,0,Костомукшский городской округ
Поньгагуба,деревня,1,Костомукшский городской округ
Суднозеро,деревня,4,Костомукшский городской округ
Толлорека,деревня,2,Костомукшский городской округ
Петрозаводск,город,280711,Петрозаводский городской округ
Алалампи,станция,8,Сортавальский муниципальный район
Валаам,посёлок,447,Сортавальский муниципальный район
Вуорио,посёлок,41,Сортавальский муниципальный район
Вяртсиля,пгт,2916,Сортавальский муниципальный район
Заозёрный,посёлок,498,Сортавальский муниципальный район
Заречье,посёлок,43,Сортавальский муниципальный район
Кааламо,посёлок,1286,Сортавальский муниципальный район
Кекоселькя,посёлок,3,Сортавальский муниципальный район
Киркколахти,посёлок,11,Сортавальский муниципальный район
Кирьявалахти,посёлок,2,Сортавальский муниципальный район
Контиолахти,посёлок,1,Сортавальский муниципальный район
Красная Горка,посёлок,80,Сортавальский муниципальный район
Куконваара,посёлок,0,Сортавальский муниципальный район
Куокканиэми,посёлок,80,Сортавальский муниципальный район
Лавиярви,посёлок,17,Сортавальский муниципальный район
Ламберг,посёлок,78,Сортавальский муниципальный район
Лахденкюля,посёлок,91,Сортавальский муниципальный район
Леппяселькя,посёлок,12,Сортавальский муниципальный район
Маткаселькя,посёлок,80,Сортавальский муниципальный район
Мейери,посёлок,38,Сортавальский муниципальный район
Ниэмелянхови,посёлок,210,Сортавальский муниципальный район
Нукутталахти,посёлок,25,Сортавальский муниципальный район
Отраккала,посёлок,4,Сортавальский муниципальный район
Оявойс,посёлок,9,Сортавальский муниципальный район
Партала,посёлок,426,Сортавальский муниципальный район
Пирттипохья,станция,0,Сортавальский муниципальный район
Пуйккола,посёлок,429,Сортавальский муниципальный район
Рантуэ,посёлок,32,Сортавальский муниципальный район
Раутакангас,посёлок,19,Сортавальский муниципальный район
Рауталахти,посёлок,7,Сортавальский муниципальный район
Реускула,посёлок,31,Сортавальский муниципальный район
Рускеала,посёлок,694,Сортавальский муниципальный район
Рюттю,посёлок,89,Сортавальский муниципальный район
Саханкоски,посёлок,0,Сортавальский муниципальный район
Сортавала,город,18704,Сортавальский муниципальный район
Суйкка,хутор,0,Сортавальский муниципальный район
Тарулинна,посёлок,20,Сортавальский муниципальный район
Токкарлахти,посёлок,52,Сортавальский муниципальный район
Туокслахти,посёлок,121,Сортавальский муниципальный район
Туоксъярви,посёлок,3,Сортавальский муниципальный район
Уусикюля,посёлок,2,Сортавальский муниципальный район
участка № 1 совхоза «Сортавальский»,посёлок,42,Сортавальский муниципальный район
Хаапалампи,посёлок,876,Сортавальский муниципальный район
Ханки,местечко,31,Сортавальский муниципальный район
Ханнуккаланмяки,посёлок,8,Сортавальский муниципальный район
Хелюля,пгт,2369,Сортавальский муниципальный район
Хелюля,село,679,Сортавальский муниципальный район
Хотинлахти,посёлок,234,Сортавальский муниципальный район
Хюмпеля,посёлок,282,Сортавальский муниципальный район
Яккима,местечко,38,Сортавальский муниципальный район
Беломорск,город,9036,Беломорский район
Большая Уда,разъезд,0,Беломорский район
Вирандозеро,посёлок,519,Беломорский район
Вирма,село,22,Беломорский район
Вирма,станция,0,Беломорский район
Водников,посёлок,0,Беломорский район
Воренжа,деревня,0,Беломорский район
Выгостров,деревня,64,Беломорский район
Горелый Мост,разъезд,0,Беломорский район
Ендогуба,деревня,0,Беломорский район
Золотец,посёлок,647,Беломорский район
Кевятозеро,деревня,0,Беломорский район
Колежма,село,165,Беломорский район
Колежма,станция,4,Беломорский район
Красная Горка,деревня,0,Беломорский район
Лапино,деревня,38,Беломорский район
Летнее Озеро,деревня,2,Беломорский район
Летнереченский,посёлок,1780,Беломорский район
Летний-2,посёлок,53,Беломорский район
Лехта,село,24,Беломорский район
Маленга,посёлок,160,Беломорский район
Маленга,станция,2,Беломорский район
Матигора,деревня,7,Беломорский район
Машезеро,деревня,4,Беломорский район
Никонова Сельга,деревня,0,Беломорский район
Новое Машезеро,посёлок,408,Беломорский район
Ноттоваракка,деревня,1,Беломорский район
Нюхча,село,339,Беломорский район
Олимпий,деревня,0,Беломорский район
Остров Большой Жужмуй,деревня,2,Беломорский район
Палокоргской ГЭС,посёлок,0,Беломорский район
Пертозеро,деревня,1,Беломорский район
при 12 шлюзе ББК,посёлок,0,Беломорский район
при 13 шлюзе ББК,посёлок,0,Беломорский район
при 14 шлюзе ББК,посёлок,0,Беломорский район
при 15 шлюзе ББК,посёлок,0,Беломорский район
при 16 шлюзе ББК,посёлок,33,Беломорский район
при 17 шлюзе ББК,посёлок,13,Беломорский район
при 18 шлюзе ББК,посёлок,40,Беломорский район
при 19 шлюзе ББК,посёлок,0,Беломорский район
Пушной,посёлок,409,Беломорский район
Руйга,разъезд,0,Беломорский район
Сальнаволок,деревня,19,Беломорский район
Сосновец,посёлок,1561,Беломорский район
Сумозеро,посёлок,0,Беломорский район
Сумостров,деревня,0,Беломорский район
Сумпосад,станция,253,Беломорский район
Сумский Посад,село,718,Беломорский район
Сухое,село,24,Беломорский район
Тегозеро,станция,2,Беломорский район
Тунгуда,деревня,48,Беломорский район
Тунгуда,станция,1,Беломорский район
Ушково,деревня,2,Беломорский район
Хвойный,посёлок,232,Беломорский район
Чёрная Ламбина,местечко,0,Беломорский район
Шижня,деревня,81,Беломорский район
Шуезеро,деревня,19,Беломорский район
Шуерецкое,село,204,Беломорский район
Юково,деревня,0,Беломорский район
Боровой,посёлок,1930,Калевальский национальный
Войница,посёлок,22,Калевальский национальный
Калевала,пгт,3784,Калевальский национальный
Кепа,посёлок,341,Калевальский национальный
Куусиниеми,посёлок,311,Калевальский национальный
Луусалми,посёлок,359,Калевальский национальный
Новое Юшкозеро,посёлок,351,Калевальский национальный
Тихтозеро,деревня,1,Калевальский национальный
Юшкозеро,деревня,477,Калевальский национальный
14 км дороги Кемь-Калевала,посёлок,584,Кемский
6 км дороги Кемь-Калевала,посёлок,4,Кемский
Авнепорог,посёлок,183,Кемский
Воньга,деревня,2,Кемский
Вочаж,посёлок,44,Кемский
Гридино,село,73,Кемский
Калгалакша,село,51,Кемский
Кемь,город,10463,Кемский
Кривой Порог,посёлок,893,Кемский
Кузема,посёлок,341,Кемский
Ламбино,станция,0,Кемский
Мягрека,станция,5,Кемский
Панозеро,деревня,59,Кемский
Панозеро,посёлок,306,Кемский
Поньгома,деревня,57,Кемский
Поньгома,станция,1,Кемский
Рабочеостровск,посёлок,2093,Кемский
Сиг,станция,4,Кемский
Шомба,посёлок,5,Кемский
Антипинская,деревня,0,Кондопожский
Белая Гора,деревня,32,Кондопожский
Берёзовка,посёлок,643,Кондопожский
Большое Вороново,деревня,24,Кондопожский
Большое Гангозеро,деревня,7,Кондопожский
Ватнаволок,деревня,17,Кондопожский
Ватчела,деревня,0,Кондопожский
Верхняя Ламба,деревня,6,Кондопожский
Викшезеро,станция,1,Кондопожский
Викшица,деревня,0,Кондопожский
Восточное Кончезеро,деревня,8,Кондопожский
Вохтозеро,деревня,15,Кондопожский
Галлезеро,деревня,0,Кондопожский
Гирвас,посёлок,1086,Кондопожский
Голышева Новинка,деревня,8,Кондопожский
Гомсельга,деревня,5,Кондопожский
Горка,деревня,33,Кондопожский
Готнаволок,деревня,227,Кондопожский
Декнаволок,деревня,7,Кондопожский
Евхоя,деревня,3,Кондопожский
Еркоева Новинка,деревня,2,Кондопожский
Заделье,станция,28,Кондопожский
Западное Кончезеро,деревня,14,Кондопожский
Илемсельга,деревня,40,Кондопожский
Кедрозеро,посёлок,332,Кондопожский
Кивач,посёлок,56,Кондопожский
Кодогуба,деревня,0,Кондопожский
Кодостров,деревня,0,Кондопожский
Койкары,деревня,4,Кондопожский
Кондопога,город,28744,Кондопожский
Кончезеро,село,1595,Кондопожский
Красная Речка,деревня,3,Кондопожский
Кулмукса,деревня,32,Кондопожский
Кяппесельга,деревня,35,Кондопожский
Кяппесельга,посёлок,472,Кондопожский
Лижма,деревня,52,Кондопожский
Лижма,станция,14,Кондопожский
Лижмозеро,деревня,1,Кондопожский
Линдозеро,деревня,9,Кондопожский
Листнаволок,деревня,0,Кондопожский
Лукин Наволок,деревня,0,Кондопожский
Лукин Остров,деревня,1,Кондопожский
Лучевой,стация,2,Кондопожский
Малое Гангозеро,деревня,7,Кондопожский
Марциальные Воды,посёлок,322,Кондопожский
Мережнаволок,деревня,3,Кондопожский
Мунозеро,деревня,6,Кондопожский
Мянсельга,деревня,5,Кондопожский
Наволок,деревня,5,Кондопожский
Нелгомозеро,посёлок,182,Кондопожский
Новый Посёлок,посёлок,47,Кондопожский
Подгорная,деревня,17,Кондопожский
Пролетарка,посёлок,274,Кондопожский
Пялозеро,деревня,10,Кондопожский
Райгуба,посёлок,7,Кондопожский
Святнаволок,деревня,25,Кондопожский
Сопоха,посёлок,16,Кондопожский
Спасская Губа,село,336,Кондопожский
Станция Мянсельга,"посёлок, станция",0,Кондопожский
Суна,деревня,54,Кондопожский
Тереки,деревня,10,Кондопожский
Тивдия,деревня,209,Кондопожский
Тулгуба,деревня,29,Кондопожский
Улитина Новинка,деревня,154,Кондопожский
Уница,деревня,164,Кондопожский
Уссуна,деревня,10,Кондопожский
Утуки,деревня,1,Кондопожский
Часовенская,деревня,7,Кондопожский
Чеболакша,деревня,0,Кондопожский
Чупа,деревня,28,Кондопожский
Чупа,деревня,11,Кондопожский
Шайдома,деревня,49,Кондопожский
Эльмус,посёлок,73,Кондопожский
Юркостров,деревня,101,Кондопожский
Юстозеро,деревня,6,Кондопожский
Янишполе,село,1145,Кондопожский
Аккахарью,посёлок,0,Лахденпохский
Алхо,посёлок,60,Лахденпохский
Асилан,посёлок,14,Лахденпохский
Вялимяки,посёлок,199,Лахденпохский
Вятиккя,посёлок,17,Лахденпохский
Ильме,посёлок,1,Лахденпохский
Ихала,посёлок,735,Лахденпохский
Ихоярвенкюля,посёлок,27,Лахденпохский
Кайвомяки,посёлок,1,Лахденпохский
Кетроваара,посёлок,105,Лахденпохский
Коконниэми,посёлок,17,Лахденпохский
Кортела,посёлок,40,Лахденпохский
Костамоярви,посёлок,23,Лахденпохский
Куликово,посёлок,512,Лахденпохский
Куркиёки,посёлок,944,Лахденпохский
Куянсуо,посёлок,18,Лахденпохский
Ламминкюля,посёлок,7,Лахденпохский
Ласанен,посёлок,264,Лахденпохский
Лахденпохья,город,6890,Лахденпохский
Лумиваара,посёлок,135,Лахденпохский
Метсямикли,посёлок,68,Лахденпохский
Мийнала,посёлок,425,Лахденпохский
Микли,посёлок,8,Лахденпохский
Нива,посёлок,6,Лахденпохский
Оппола,посёлок,9,Лахденпохский
Отсанлахти,посёлок,48,Лахденпохский
Пайкъярвенкюля,посёлок,25,Лахденпохский
Парконмяки,посёлок,4,Лахденпохский
Пелтола,посёлок,14,Лахденпохский
Райвио,посёлок,63,Лахденпохский
Раухала,посёлок,136,Лахденпохский
Ринтала,посёлок,42,Лахденпохский
Сикопохья,посёлок,0,Лахденпохский
Сорола,посёлок,15,Лахденпохский
Сорьё,посёлок,0,Лахденпохский
Соскуа,посёлок,22,Лахденпохский
Сювяоро,посёлок,0,Лахденпохский
Таустамяки,посёлок,4,Лахденпохский
Терваярви,посёлок,15,Лахденпохский
Терву,посёлок,114,Лахденпохский
Тиурула,посёлок,155,Лахденпохский
Тоунан,посёлок,341,Лахденпохский
Уусикюля,посёлок,12,Лахденпохский
Ханканмяки,посёлок,6,Лахденпохский
Харвиа,посёлок,4,Лахденпохский
Хауккаваара,посёлок,27,Лахденпохский
Хийтола,посёлок,688,Лахденпохский
Хухтерву,посёлок,60,Лахденпохский
Элисенваара,посёлок,720,Лахденпохский
Эстерло,посёлок,272,Лахденпохский
Яккима,станция,0,Лахденпохский
Амбарный,посёлок,675,Лоухский
Боярская,станция,36,Лоухский
Зашеек,деревня,36,Лоухский
Карельский,посёлок,4,Лоухский
Кереть,станция,10,Лоухский
Кестеньга,посёлок,1277,Лоухский
Коккосалма,деревня,14,Лоухский
Котозеро,станция,0,Лоухский
Кушеванда,деревня,4,Лоухский
Лоухи,пгт,3749,Лоухский
Малиновая Варакка,посёлок,277,Лоухский
Нижняя Пулонга,деревня,42,Лоухский
Нильмогуба,деревня,21,Лоухский
Нильмозеро,деревня,0,Лоухский
Новый Софпорог,посёлок,88,Лоухский
Плотина,посёлок,303,Лоухский
Полярный Круг,станция,10,Лоухский
Приморский,посёлок,0,Лоухский
Пяозерский,пгт,1564,Лоухский
Сосновый,посёлок,551,Лоухский
Софпорог,посёлок,261,Лоухский
Тунгозеро,посёлок,438,Лоухский
Тухкала,посёлок,2,Лоухский
Тэдино,посёлок,185,Лоухский
Хетоламбина,посёлок,72,Лоухский
Чёрная Река,деревня,10,Лоухский
Чкаловский,посёлок,70,Лоухский
Чупа,пгт,2150,Лоухский
Чупа,станция,0,Лоухский
Энгозеро,посёлок,580,Лоухский
Ажепнаволок,деревня,2,Медвежьегорский
Ахвенламби,посёлок,139,Медвежьегорский
Батова,деревня,6,Медвежьегорский
Белохино,деревня,0,Медвежьегорский
Берег,деревня,4,Медвежьегорский
Бережная,деревня,22,Медвежьегорский
Больничный,посёлок,60,Медвежьегорский
Больничный,посёлок,24,Медвежьегорский
Большая Нива,деревня,0,Медвежьегорский
Большая Сельга,посёлок,1,Медвежьегорский
Бор,деревня,12,Медвежьегорский
Бор-Пуданцев,деревня,106,Медвежьегорский
Боярщина,деревня,0,Медвежьегорский
Ванзозеро,посёлок,0,Медвежьегорский
Васильево,деревня,10,Медвежьегорский
Великая Губа,посёлок,0,Медвежьегорский
Великая Губа,село,1098,Медвежьегорский
Великая Нива,деревня,132,Медвежьегорский
Венгигора,деревня,6,Медвежьегорский
Верхнее Волозеро,посёлок,97,Медвежьегорский
Верхняя Путка,деревня,1,Медвежьегорский
Вигово,деревня,1,Медвежьегорский
Вицино,деревня,8,Медвежьегорский
Вичка,посёлок,199,Медвежьегорский
Вичка,станция,133,Медвежьегорский
Возрицы,посёлок,65,Медвежьегорский
Воробьи,деревня,1,Медвежьегорский
Вырозеро,деревня,19,Медвежьегорский
Габсельга,деревня,3,Медвежьегорский
Голиково,деревня,0,Медвежьегорский
Горская,деревня,0,Медвежьегорский
Данилово,деревня,5,Медвежьегорский
Деригузово,деревня,0,Медвежьегорский
Евгора,посёлок,44,Медвежьегорский
Еглово,деревня,0,Медвежьегорский
Екимово,деревня,0,Медвежьегорский
Ерсенево,деревня,10,Медвежьегорский
Загубье,деревня,5,Медвежьегорский
Загубье,деревня,0,Медвежьегорский
Зажогинская,деревня,0,Медвежьегорский
Заречье,деревня,1,Медвежьегорский
Ионина Гора,деревня,0,Медвежьегорский
Кажма,деревня,117,Медвежьегорский
Карельская Масельга,деревня,6,Медвежьегорский
Карзикозеро,деревня,4,Медвежьегорский
Кефтеницы,деревня,2,Медвежьегорский
Кижи,деревня,1,Медвежьегорский
Клементьевская,деревня,5,Медвежьегорский
Коробейниково,деревня,2,Медвежьегорский
Коровниково,деревня,2,Медвежьегорский
Космозеро,деревня,156,Медвежьегорский
Кривоноговская,деревня,8,Медвежьегорский
Кузаранда,деревня,97,Медвежьегорский
Кумса-2,посёлок,99,Медвежьегорский
Кургеницы,деревня,4,Медвежьегорский
Кярзино,деревня,12,Медвежьегорский
Ламбасручей,посёлок,485,Медвежьегорский
Лахново,деревня,4,Медвежьегорский
Лебещина,деревня,18,Медвежьегорский
Лобское,деревня,5,Медвежьегорский
Лобское,посёлок,6,Медвежьегорский
Лонгасы,деревня,23,Медвежьегорский
Лумбуши,деревня,377,Медвежьегорский
Лумбушозеро,станция,0,Медвежьегорский
Малая Нива,деревня,0,Медвежьегорский
Малыга,станция,0,Медвежьегорский
Масельгская,станция,20,Медвежьегорский
Маслозеро,деревня,207,Медвежьегорский
Медведева,деревня,0,Медвежьегорский
Медвежьегорск,город,13841,Медвежьегорский
ММС,посёлок,59,Медвежьегорский
Морская Масельга,посёлок,1,Медвежьегорский
Мустова,деревня,0,Медвежьегорский
Мяндусельга,деревня,1,Медвежьегорский
Немино-3,посёлок,89,Медвежьегорский
Никитинская,деревня,6,Медвежьегорский
Никонова Губа,деревня,7,Медвежьегорский
Новая Габсельга,посёлок,236,Медвежьегорский
Носоновщина,деревня,6,Медвежьегорский
Огорелыши,посёлок,193,Медвежьегорский
Онежены,деревня,2,Медвежьегорский
Онтова,деревня,4,Медвежьегорский
Остречье,деревня,18,Медвежьегорский
Паданы,село,937,Медвежьегорский
Падмозеро,деревня,79,Медвежьегорский
Падун,посёлок,83,Медвежьегорский
Палтега,деревня,29,Медвежьегорский
Патаневщина,деревня,2,Медвежьегорский
Патрово,деревня,55,Медвежьегорский
Первые Гарницы,деревня,8,Медвежьегорский
Пергуба,станция,54,Медвежьегорский
Перхина,деревня,5,Медвежьегорский
Петры,деревня,1,Медвежьегорский
Пиндуши,пгт,4193,Медвежьегорский
Питомник,посёлок,0,Медвежьегорский
Плешки,деревня,1,Медвежьегорский
Побережье,деревня,7,Медвежьегорский
Повенец,пгт,1711,Медвежьегорский
Погост,деревня,2,Медвежьегорский
Подгорская,деревня,13,Медвежьегорский
Покровское,деревня,2,Медвежьегорский
Поля,деревня,0,Медвежьегорский
при 1 шлюзе ББК,посёлок,0,Медвежьегорский
при 2 шлюзе ББК,посёлок,0,Медвежьегорский
при 3 шлюзе ББК,посёлок,0,Медвежьегорский
при 4 шлюзе ББК,посёлок,0,Медвежьегорский
при 5 шлюзе ББК,посёлок,0,Медвежьегорский
при 7 шлюзе ББК,посёлок,73,Медвежьегорский
при 8 шлюзе ББК,посёлок,28,Медвежьегорский
при 9 шлюзе ББК,посёлок,43,Медвежьегорский
Пургино,деревня,0,Медвежьегорский
Речка,деревня,0,Медвежьегорский
Савинская,деревня,21,Медвежьегорский
Салмагуба,деревня,0,Медвежьегорский
Свечниковская,деревня,1,Медвежьегорский
Сельги,деревня,67,Медвежьегорский
Семчезеро,деревня,0,Медвежьегорский
Сенная Губа,деревня,21,Медвежьегорский
Сергиево,посёлок,283,Медвежьегорский
Сигово,деревня,2,Медвежьегорский
Сосновка,село,591,Медвежьегорский
Спировка,деревня,0,Медвежьегорский
Сяргозеро,деревня,13,Медвежьегорский
Тамбицы,деревня,3,Медвежьегорский
Телятниково,деревня,7,Медвежьегорский
Терехово,деревня,0,Медвежьегорский
Терманы,деревня,17,Медвежьегорский
Тимохово,деревня,1,Медвежьегорский
Типиницы,деревня,24,Медвежьегорский
Тихвин Бор,деревня,20,Медвежьегорский
Толвуя,деревня,994,Медвежьегорский
Узкие,деревня,0,Медвежьегорский
Федотово,деревня,2,Медвежьегорский
Фоминская,деревня,13,Медвежьегорский
Хашезеро,деревня,0,Медвежьегорский
Хижозеро,посёлок,3,Медвежьегорский
Чёбино,деревня,110,Медвежьегорский
Чёлмужи,деревня,562,Медвежьегорский
Черкасы,деревня,0,Медвежьегорский
Шалговаара,деревня,7,Медвежьегорский
Шалговаара,посёлок,236,Медвежьегорский
Шильтя,деревня,0,Медвежьегорский
Шуньга,деревня,596,Медвежьегорский
Щепино,деревня,2,Медвежьегорский
Юккогуба,деревня,0,Медвежьегорский
Ямка,деревня,10,Медвежьегорский
Яндомозеро,деревня,0,Медвежьегорский
Волома,посёлок,1018,Муезерский
Гимолы,посёлок,225,Муезерский
Емельяновка,деревня,1,Муезерский
Кимасозеро,деревня,16,Муезерский
Кимоваара,деревня,75,Муезерский
Колвасозеро,деревня,0,Муезерский
Ледмозеро,посёлок,2112,Муезерский
Лендеры,посёлок,206,Муезерский
Лендеры,станция,70,Муезерский
Лендеры-1,посёлок,1000,Муезерский
Мотко,посёлок,137,Муезерский
Мотко,станция,0,Муезерский
Муезерский,пгт,2673,Муезерский
Ондозеро,посёлок,127,Муезерский
Пенинга,посёлок,631,Муезерский
Пенинга,станция,18,Муезерский
Реболы,село,858,Муезерский
Ругозеро,село,713,Муезерский
Северный,посёлок,3,Муезерский
Сонозеро,станция,20,Муезерский
Суккозеро,посёлок,1136,Муезерский
Суун,станция,0,Муезерский
Тикша,посёлок,400,Муезерский
Тумба,посёлок,142,Муезерский
Алексала,деревня,172,Олонецкий национальный
Берёзовая Гора,деревня,2,Олонецкий национальный
Большаково,деревня,51,Олонецкий национальный
Большие Горы,деревня,55,Олонецкий национальный
Вагвозеро,деревня,3,Олонецкий национальный
Верхнеолонецкий,посёлок,327,Олонецкий национальный
Верхняя Видлица,деревня,78,Олонецкий национальный
Верховье,деревня,765,Олонецкий национальный
Видлица,село,1733,Олонецкий национальный
Габановский Маяк,деревня,2,Олонецкий национальный
Гавриловка,деревня,69,Олонецкий национальный
Герпеля,деревня,22,Олонецкий национальный
Гижино,деревня,1,Олонецкий национальный
Гошкила,деревня,6,Олонецкий национальный
Гушкала,деревня,24,Олонецкий национальный
Еройла,деревня,35,Олонецкий национальный
Ильинская Горка,деревня,23,Олонецкий национальный
Ильинский,посёлок,2918,Олонецкий национальный
Иммалицы,деревня,160,Олонецкий национальный
Инема,деревня,1,Олонецкий национальный
Интерпосёлок,посёлок,76,Олонецкий национальный
Капшойла,деревня,84,Олонецкий национальный
Кескозеро,деревня,8,Олонецкий национальный
Ковера,посёлок,394,Олонецкий национальный
Коткозеро,деревня,809,Олонецкий национальный
Куйтежа,деревня,586,Олонецкий национальный
Кукшегоры,деревня,36,Олонецкий национальный
Лемозеро,деревня,10,Олонецкий национальный
Лумбозеро,деревня,4,Олонецкий национальный
Мегрега,деревня,697,Олонецкий национальный
Мегрозеро,деревня,2,Олонецкий национальный
Михайловское,село,410,Олонецкий национальный
Нинисельга,деревня,8,Олонецкий национальный
Новинка,деревня,38,Олонецкий национальный
Нурмойла,деревня,0,Олонецкий национальный
Нурмолицы,деревня,87,Олонецкий национальный
Обжа,деревня,33,Олонецкий национальный
Олонец,город,7942,Олонецкий национальный
Онькулица,деревня,66,Олонецкий национальный
Путилица,деревня,161,Олонецкий национальный
Речная Сельга,посёлок,143,Олонецкий национальный
Рыпушкалицы,деревня,725,Олонецкий национальный
Самбатукса,деревня,29,Олонецкий национальный
Сармяги,деревня,9,Олонецкий национальный
Седокса,деревня,0,Олонецкий национальный
Сельга,деревня,47,Олонецкий национальный
совхоза «Ильинский»,посёлок,259,Олонецкий национальный
Сорочья Гора,деревня,0,Олонецкий национальный
Судалица,деревня,312,Олонецкий национальный
Сяндеба,деревня,37,Олонецкий национальный
Сяппяваара,деревня,0,Олонецкий национальный
Татчелица,деревня,93,Олонецкий национальный
Тахтасово,деревня,52,Олонецкий национальный
Ташкеницы,деревня,15,Олонецкий национальный
Тенгусельга,деревня,25,Олонецкий национальный
Тигвера,деревня,22,Олонецкий национальный
Торосозеро,деревня,24,Олонецкий национальный
Тукса,деревня,1175,Олонецкий национальный
Тулокса,деревня,12,Олонецкий национальный
Тулосозеро,деревня,0,Олонецкий национальный
Устье Видлицы,деревня,618,Олонецкий национальный
Устье Тулоксы,деревня,240,Олонецкий национальный
Утозеро,деревня,16,Олонецкий национальный
Чёрная Речка,деревня,35,Олонецкий национальный
Юргелица,деревня,224,Олонецкий национальный
Алатту,деревня,46,Питкярантский
Вуорилампи,деревня,0,Питкярантский
Импилахти,посёлок,703,Питкярантский
Кавгозеро,деревня,7,Питкярантский
Карку,деревня,10,Питкярантский
Керисюрья,деревня,72,Питкярантский
Кирккоёки,деревня,0,Питкярантский
Кирконкюля,деревня,7,Питкярантский
Кителя,деревня,0,Питкярантский
Ковайно,деревня,0,Питкярантский
Койриноя,деревня,100,Питкярантский
Леппясилта,деревня,39,Питкярантский
Ляскеля,посёлок,3049,Питкярантский
Мансила,деревня,90,Питкярантский
Метсякюля,деревня,4,Питкярантский
Мийнала,деревня,0,Питкярантский
Орусъярви,деревня,13,Питкярантский
острова Лункулансаари,деревня,0,Питкярантский
острова Мантсинсаари,деревня,2,Питкярантский
Пауссу,деревня,0,Питкярантский
Питкяранта,город,10048,Питкярантский
Погранкондуши,деревня,28,Питкярантский
Рауталахти,деревня,399,Питкярантский
Ряймяля,деревня,507,Питкярантский
Салми,посёлок,2207,Питкярантский
Сумериа,деревня,9,Питкярантский
Сюскюя,деревня,2,Питкярантский
Терванселькя,деревня,8,Питкярантский
Улмалахти,деревня,1,Питкярантский
Ууксу,посёлок,222,Питкярантский
Харлу,посёлок,904,Питкярантский
Хийденсельга,посёлок,0,Питкярантский
Хямекоски,деревня,0,Питкярантский
Юляристиоя,деревня,0,Питкярантский
Янис,деревня,0,Питкярантский
Янисъярви,посёлок,904,Питкярантский
Берёзовые Мосты,деревня,4,Прионежский
Бесовец,посёлок,120,Прионежский
Верховье,деревня,80,Прионежский
Вехручей,деревня,84,Прионежский
Вилга,деревня,1053,Прионежский
Горное Шёлтозеро,деревня,4,Прионежский
Деревянка,посёлок,1622,Прионежский
Деревянное,село,1177,Прионежский
Другая Река,деревня,98,Прионежский
Залесье,деревня,6,Прионежский
Заозерье,село,1337,Прионежский
Ишанино,деревня,3,Прионежский
Карельская Деревня,посёлок,12,Прионежский
Каскесручей,деревня,33,Прионежский
Кварцитный,посёлок,12,Прионежский
Косалма,деревня,45,Прионежский
Ладва,посёлок,2145,Прионежский
Ладва-Ветка,посёлок,983,Прионежский
Лососинное,деревня,14,Прионежский
Матвеева Сельга,деревня,5,Прионежский
Маткачи,деревня,15,Прионежский
Машезеро,деревня,14,Прионежский
Мелиоративный,посёлок,2475,Прионежский
Намоево,деревня,3,Прионежский
Новая Вилга,посёлок,1579,Прионежский
Новое Лососинное,посёлок,3,Прионежский
Нырки,станция,1,Прионежский
Орзега,станция,66,Прионежский
Пай,посёлок,498,Прионежский
Педасельга,деревня,143,Прионежский
Половина,деревня,65,Прионежский
Порожек,деревня,2,Прионежский
Пухта,посёлок,120,Прионежский
Пяжиева Сельга,посёлок,48,Прионежский
Ревсельга,деревня,5,Прионежский
Рыбрека,село,467,Прионежский
Суйсарь,деревня,45,Прионежский
Суйсарь на острове,деревня,0,Прионежский
Таржеполь,село,53,Прионежский
Ужесельга,деревня,254,Прионежский
Устье,посёлок,0,Прионежский
Уя,посёлок,16,Прионежский
Царевичи,деревня,5,Прионежский
Чална-1,посёлок,1866,Прионежский
Шёлтозеро,село,878,Прионежский
Шокша,село,167,Прионежский
Шуйская,станция,781,Прионежский
Шуйская Чупа,деревня,26,Прионежский
Шуя,посёлок,3139,Прионежский
Ялгуба,деревня,132,Прионежский
Яшезеро,деревня,1,Прионежский
Акимово,деревня,0,Пряжинский национальный
Алёкка,деревня,13,Пряжинский национальный
Ангенлахта,деревня,0,Пряжинский национальный
Важинская Пристань,деревня,13,Пряжинский национальный
Ведлозеро,село,1005,Пряжинский национальный
Верхние Важины,посёлок,151,Пряжинский национальный
Виданы,деревня,287,Пряжинский национальный
Виллагора,посёлок,74,Пряжинский национальный
Виллагора,станция,27,Пряжинский национальный
Гилкожа,деревня,0,Пряжинский национальный
Гонганалица,деревня,13,Пряжинский национальный
Гутсельга,деревня,0,Пряжинский национальный
Ёршнаволок,деревня,9,Пряжинский национальный
Иванисто,деревня,9,Пряжинский национальный
Каменьнаволок,деревня,7,Пряжинский национальный
Каскеснаволок,деревня,30,Пряжинский национальный
Каскессельга,деревня,44,Пряжинский национальный
Киндасово,деревня,16,Пряжинский национальный
Кинелахта,посёлок,197,Пряжинский национальный
Кинерма,деревня,6,Пряжинский национальный
Койвусельга,деревня,5,Пряжинский национальный
Койвусельга,посёлок,125,Пряжинский национальный
Коккойла,деревня,2,Пряжинский национальный
Колатсельга,село,114,Пряжинский национальный
Корза,деревня,56,Пряжинский национальный
Котчура,деревня,12,Пряжинский национальный
Кохтусельга,деревня,7,Пряжинский национальный
Крошнозеро,село,349,Пряжинский национальный
Кудама,посёлок,147,Пряжинский национальный
Куккойла,деревня,6,Пряжинский национальный
Кукойнваара,деревня,0,Пряжинский национальный
Кунгозерский,посёлок,98,Пряжинский национальный
Курмойла,деревня,17,Пряжинский национальный
Кутижма,посёлок,95,Пряжинский национальный
Кутижма,станция,12,Пряжинский национальный
Кутчезеро,деревня,0,Пряжинский национальный
Ламбинаволок,деревня,0,Пряжинский национальный
Ламбисельга,деревня,8,Пряжинский национальный
Лахта,деревня,5,Пряжинский национальный
Лахта,деревня,32,Пряжинский национальный
Лижма,деревня,6,Пряжинский национальный
Мандера,деревня,3,Пряжинский национальный
Маньга,деревня,33,Пряжинский национальный
Маньга,посёлок,14,Пряжинский национальный
Матросы,посёлок,1068,Пряжинский национальный
Маясельга,деревня,0,Пряжинский национальный
Метчелица,деревня,40,Пряжинский национальный
Мишинсельга,деревня,6,Пряжинский национальный
Нижние Виданы,деревня,31,Пряжинский национальный
Нижняя Салма,деревня,43,Пряжинский национальный
Новые Пески,посёлок,196,Пряжинский национальный
Падозеро,деревня,2,Пряжинский национальный
Падозеро,станция,115,Пряжинский национальный
Палалахта,деревня,12,Пряжинский национальный
Паннила,деревня,0,Пряжинский национальный
Паннисельга,деревня,0,Пряжинский национальный
Погойла,деревня,1,Пряжинский национальный
Проккойла,деревня,8,Пряжинский национальный
Пряжа,пгт,3438,Пряжинский национальный
Пунчойла,деревня,0,Пряжинский национальный
Репное Озеро,деревня,3,Пряжинский национальный
Рубчойла,деревня,12,Пряжинский национальный
Савиново,деревня,98,Пряжинский национальный
Салменица,деревня,3,Пряжинский национальный
Святозеро,село,725,Пряжинский национальный
Симанова Сельга,деревня,0,Пряжинский национальный
Соддер,посёлок,204,Пряжинский национальный
Сыссойла,деревня,19,Пряжинский национальный
Сямозеро,деревня,67,Пряжинский национальный
Сяпся,посёлок,330,Пряжинский национальный
Сяргилахта,деревня,14,Пряжинский национальный
Улялега,деревня,15,Пряжинский национальный
Хлебозеро,деревня,26,Пряжинский национальный
Чална,посёлок,2432,Пряжинский национальный
Чёрная Ламба,деревня,15,Пряжинский национальный
Чуйнаволок,деревня,0,Пряжинский национальный
Чуралахта,деревня,33,Пряжинский национальный
Щеккила,деревня,18,Пряжинский национальный
Щукнаволок,деревня,5,Пряжинский национальный
Эссойла,посёлок,1790,Пряжинский национальный
Эссойла,село,575,Пряжинский национальный
Юргилица,деревня,36,Пряжинский национальный
Авдеево,деревня,413,Пудожский
Алексеево,деревня,7,Пудожский
Афанасьевская,деревня,19,Пудожский
Аэропорт,посёлок,0,Пудожский
Бостилово,деревня,11,Пудожский
Бочилово,деревня,12,Пудожский
Бочилово,посёлок,463,Пудожский
Бураково,деревня,0,Пудожский
Вамская Плотина,деревня,2,Пудожский
Водла,деревня,17,Пудожский
Водла,посёлок,615,Пудожский
Гакугса,деревня,110,Пудожский
Гладкина,деревня,5,Пудожский
Дубовская,деревня,2,Пудожский
Ершова,деревня,0,Пудожский
Заозерье,деревня,29,Пудожский
Канзанаволок,деревня,0,Пудожский
Каршево,деревня,333,Пудожский
Кашино,посёлок,89,Пудожский
Кевасалма,деревня,8,Пудожский
Кодачгуба,деревня,0,Пудожский
Колгостров,деревня,0,Пудожский
Колово,деревня,84,Пудожский
Колово,посёлок,493,Пудожский
Коскосалма,деревня,0,Пудожский
Кошуково,деревня,11,Пудожский
Красноборский,посёлок,415,Пудожский
Кривцы,деревня,47,Пудожский
Кривцы,посёлок,900,Пудожский
Кубово,посёлок,902,Пудожский
Кубовская,деревня,49,Пудожский
Кубовский сплавучасток,посёлок,74,Пудожский
Куганаволок,деревня,363,Пудожский
Мячева,деревня,0,Пудожский
Нефтебаза,посёлок,11,Пудожский
Нигижма,деревня,79,Пудожский
Ново-Стеклянное,посёлок,731,Пудожский
Ножево,деревня,18,Пудожский
Октябрьская,деревня,24,Пудожский
Онежский,посёлок,426,Пудожский
Остричи,деревня,0,Пудожский
Остров,деревня,3,Пудожский
Пелгостров,деревня,0,Пудожский
Пелусозеро,деревня,0,Пудожский
Песчаное,деревня,84,Пудожский
Пирзаково,деревня,7,Пудожский
Погост,деревня,74,Пудожский
Подпорожье,посёлок,661,Пудожский
Поршта,посёлок,1,Пудожский
Приречный,посёлок,155,Пудожский
Пудож,город,8513,Пудожский
Пудожгорский,посёлок,645,Пудожский
Пялозеро,деревня,0,Пудожский
Пяльма,деревня,10,Пудожский
Пяльма,посёлок,1462,Пудожский
Рагнукса,посёлок,217,Пудожский
Римское,деревня,27,Пудожский
Рогозинская,деревня,2,Пудожский
Семёново,деревня,157,Пудожский
Стешевская,деревня,36,Пудожский
Тамбицы,посёлок,173,Пудожский
Тамбичозеро,посёлок,41,Пудожский
Татарская Гора,деревня,0,Пудожский
Теребовская,деревня,16,Пудожский
Усть-Река,деревня,99,Пудожский
Филимоновская,деревня,105,Пудожский
Харловская,деревня,9,Пудожский
Чернореченский,посёлок,159,Пудожский
Чуяла,деревня,0,Пудожский
Шала Пристань,посёлок,0,Пудожский
Шалуха,посёлок,2,Пудожский
Шальский,посёлок,1785,Пудожский
Щаниковская,деревня,0,Пудожский
Быстряги,станция,1,Сегежский
Валдай,посёлок,999,Сегежский
Вача,посёлок,94,Сегежский
Вожмогора,посёлок,95,Сегежский
Вожмозеро,посёлок,32,Сегежский
Волдозеро,деревня,150,Сегежский
Дуброво,деревня,0,Сегежский
Идель,посёлок,454,Сегежский
Кочкома,посёлок,165,Сегежский
Кяргозеро,посёлок,16,Сегежский
Лососий,посёлок,17,Сегежский
Майгуба,деревня,0,Сегежский
Майгуба,посёлок,0,Сегежский
Надвоицы,деревня,48,Сегежский
Надвоицы,пгт,7136,Сегежский
Олений,посёлок,267,Сегежский
Пертозеро,посёлок,127,Сегежский
Полга,деревня,140,Сегежский
Попов Порог,посёлок,263,Сегежский
при 11 шлюзе ББК,посёлок,16,Сегежский
Раменцы,станция,5,Сегежский
Ригозеро,станция,1,Сегежский
Сегежа,город,25585,Сегежский
Суглица,станция,0,Сегежский
Сумеричи,станция,9,Сегежский
Сумский,посёлок,0,Сегежский
Табойпорог,посёлок,17,Сегежский
Уросозеро,станция,3,Сегежский
Чёрный Порог,посёлок,557,Сегежский
Шавань,станция,3,Сегежский
Шпаловая,станция,0,Сегежский
Юркиннаволок,деревня,0,Сегежский
Арькойла,деревня,0,Суоярвский
Вегарус,посёлок,86,Суоярвский
Вешкелица,село,508,Суоярвский
Гумарино,посёлок,164,Суоярвский
Игнойла,посёлок,5,Суоярвский
Костомукса,посёлок,20,Суоярвский
Кясняселькя,деревня,8,Суоярвский
Лахколампи,посёлок,906,Суоярвский
Леппяниэми,посёлок,55,Суоярвский
Леппясюрья,посёлок,390,Суоярвский
Леппясюрья,станция,29,Суоярвский
Лоймола,посёлок,673,Суоярвский
Найстенъярви,посёлок,1268,Суоярвский
Пийтсиёки,посёлок,668,Суоярвский
Поросозеро,посёлок,2875,Суоярвский
Райконкоски,посёлок,621,Суоярвский
Соанлахти,посёлок,33,Суоярвский
Совдозеро,деревня,2,Суоярвский
Суйстамо,посёлок,93,Суоярвский
Суйстамо,станция,7,Суоярвский
Суоёки,посёлок,297,Суоярвский
Суоярви,город,8607,Суоярвский
Тойвола,посёлок,281,Суоярвский
Толвоярви,посёлок,0,Суоярвский
Турханваара,посёлок,27,Суоярвский
Хаутаваара,деревня,31,Суоярвский
Хюрсюля,деревня,1,Суоярвский
